<?xml version="1.0" encoding="UTF-8"?>
<GenRun Id="impl_1" LaunchPart="xc7a35tcpg236-1" LaunchTime="1764147883">
  <File Type="REPORTS-TCL" Name="nlms_fixed_reports.tcl"/>
  <File Type="ROUTE-PWR-SUM" Name="nlms_fixed_power_summary_routed.pb"/>
  <File Type="BITSTR-MMI" Name="nlms_fixed.mmi"/>
  <File Type="OPT-DRC" Name="nlms_fixed_drc_opted.rpt"/>
  <File Type="BG-DRC" Name="nlms_fixed.drc"/>
  <File Type="ROUTE-STATUS-PB" Name="nlms_fixed_route_status.pb"/>
  <File Type="BG-BGN" Name="nlms_fixed.bgn"/>
  <File Type="PLACE-UTIL" Name="nlms_fixed_utilization_placed.rpt"/>
  <File Type="PLACE-UTIL-PB" Name="nlms_fixed_utilization_placed.pb"/>
  <File Type="PLACE-IO" Name="nlms_fixed_io_placed.rpt"/>
  <File Type="BG-BIN" Name="nlms_fixed.bin"/>
  <File Type="PLACE-CTRL" Name="nlms_fixed_control_sets_placed.rpt"/>
  <File Type="ROUTE-PWR-RPX" Name="nlms_fixed_power_routed.rpx"/>
  <File Type="BITSTR-MSK" Name="nlms_fixed.msk"/>
  <File Type="BITSTR-RBT" Name="nlms_fixed.rbt"/>
  <File Type="ROUTE-TIMINGSUMMARY" Name="nlms_fixed_timing_summary_routed.rpt"/>
  <File Type="ROUTE-TIMING-RPX" Name="nlms_fixed_timing_summary_routed.rpx"/>
  <File Type="ROUTE-STATUS" Name="nlms_fixed_route_status.rpt"/>
  <File Type="PA-TCL" Name="nlms_fixed.tcl"/>
  <File Type="ROUTE-PWR" Name="nlms_fixed_power_routed.rpt"/>
  <File Type="ROUTE-DRC" Name="nlms_fixed_drc_routed.rpt"/>
  <File Type="ROUTE-DRC-RPX" Name="nlms_fixed_drc_routed.rpx"/>
  <File Type="ROUTE-DRC-PB" Name="nlms_fixed_drc_routed.pb"/>
  <File Type="BITSTR-SYSDEF" Name="nlms_fixed.sysdef"/>
  <File Type="ROUTE-METHODOLOGY-DRC" Name="nlms_fixed_methodology_drc_routed.rpt"/>
  <File Type="ROUTE-METHODOLOGY-DRC-RPX" Name="nlms_fixed_methodology_drc_routed.rpx"/>
  <File Type="BITSTR-LTX" Name="debug_nets.ltx"/>
  <File Type="BITSTR-LTX" Name="nlms_fixed.ltx"/>
  <File Type="ROUTE-METHODOLOGY-DRC-PB" Name="nlms_fixed_methodology_drc_routed.pb"/>
  <File Type="ROUTE-SIMILARITY" Name="nlms_fixed_incremental_reuse_routed.rpt"/>
  <File Type="RDI-RDI" Name="nlms_fixed.vdi"/>
  <File Type="ROUTE-CLK" Name="nlms_fixed_clock_utilization_routed.rpt"/>
  <File Type="ROUTE-BUS-SKEW" Name="nlms_fixed_bus_skew_routed.rpt"/>
  <File Type="ROUTE-BUS-SKEW-RPX" Name="nlms_fixed_bus_skew_routed.rpx"/>
  <File Type="ROUTE-BUS-SKEW-PB" Name="nlms_fixed_bus_skew_routed.pb"/>
  <File Type="POSTROUTE-PHYSOPT-TIMING" Name="nlms_fixed_timing_summary_postroute_physopted.rpt"/>
  <File Type="POSTROUTE-PHYSOPT-TIMING-RPX" Name="nlms_fixed_timing_summary_postroute_physopted.rpx"/>
  <File Type="POSTROUTE-PHYSOPT-TIMING-PB" Name="nlms_fixed_timing_summary_postroute_physopted.pb"/>
  <File Type="POSTROUTE-PHYSOPT-BUS-SKEW" Name="nlms_fixed_bus_skew_postroute_physopted.rpt"/>
  <File Type="POSTROUTE-PHYSOPT-BUS-SKEW-RPX" Name="nlms_fixed_bus_skew_postroute_physopted.rpx"/>
  <File Type="BG-BIT" Name="nlms_fixed.bit"/>
  <File Type="POSTROUTE-PHYSOPT-BUS-SKEW-PB" Name="nlms_fixed_bus_skew_postroute_physopted.pb"/>
  <File Type="BITSTR-NKY" Name="nlms_fixed.nky"/>
  <File Type="BITSTR-BMM" Name="nlms_fixed_bd.bmm"/>
  <File Type="WBT-USG" Name="usage_statistics_webtalk.html"/>
  <File Type="OPT-HWDEF" Name="nlms_fixed.hwdef"/>
  <File Type="PLACE-PRE-SIMILARITY" Name="nlms_fixed_incremental_reuse_pre_placed.rpt"/>
  <File Type="ROUTE-DCP" Name="nlms_fixed_routed.dcp"/>
  <File Type="ROUTE-ERROR-DCP" Name="nlms_fixed_routed_error.dcp"/>
  <File Type="ROUTE-BLACKBOX-DCP" Name="nlms_fixed_routed_bb.dcp"/>
  <File Type="ROUTE-TIMING-PB" Name="nlms_fixed_timing_summary_routed.pb"/>
  <File Type="OPT-DCP" Name="nlms_fixed_opt.dcp"/>
  <File Type="PLACE-DCP" Name="nlms_fixed_placed.dcp"/>
  <File Type="PWROPT-DCP" Name="nlms_fixed_pwropt.dcp"/>
  <File Type="POSTPLACE-PWROPT-DCP" Name="nlms_fixed_postplace_pwropt.dcp"/>
  <File Type="PHYSOPT-DCP" Name="nlms_fixed_physopt.dcp"/>
  <File Type="POSTROUTE-PHYSOPT-DCP" Name="nlms_fixed_postroute_physopt.dcp"/>
  <File Type="POSTROUTE-PHYSOPT-BLACKBOX-DCP" Name="nlms_fixed_postroute_physopt_bb.dcp"/>
  <File Type="PDI-FILE" Name="nlms_fixed.pdi"/>
  <File Type="BOOT-PDI-FILE" Name="nlms_fixed_boot.pdi"/>
  <File Type="PL-PDI-FILE" Name="nlms_fixed_pld.pdi"/>
  <File Type="RCFI_FILE" Name="nlms_fixed.rcfi"/>
  <File Type="CFI_FILE" Name="nlms_fixed.cfi"/>
  <File Type="RNPI_FILE" Name="nlms_fixed.rnpi"/>
  <File Type="NPI_FILE" Name="nlms_fixed.npi"/>
  <File Type="RBD_FILE" Name="nlms_fixed.rbd"/>
  <File Type="ROUTE-RQS" Name="nlms_fixed_routed.rqs"/>
  <File Type="POSTROUTE-PHYSOPT-RQS" Name="nlms_fixed_postroute_physopted.rqs"/>
  <File Type="ROUTE-RQS-RPT" Name="route_report_qor_suggestions_0.rpt"/>
  <File Type="POSTROUTE-PHYSOPT-RQS-RPT" Name="postroute_physopt_report_qor_suggestions_0.rpt"/>
  <File Type="MMI-FILE" Name="nlms_fixed.mmi"/>
  <File Type="BIF-FILE" Name="nlms_fixed.bif"/>
  <File Type="BOOT-BIF-FILE" Name="nlms_fixed_boot.bif"/>
  <File Type="PL-BIF-FILE" Name="nlms_fixed_pld.bif"/>
  <File Type="LTX-FILE" Name="nlms_fixed.ltx"/>
  <File Type="BOOT-LTX-FILE" Name="nlms_fixed_boot.ltx"/>
  <File Type="PL-LTX-FILE" Name="nlms_fixed_pld.ltx"/>
  <File Type="RCDO-FILE" Name="nlms_fixed.rcdo"/>
  <File Type="MARKER-RCDO-FILE" Name="nlms_fixed_markers.rcdo"/>
  <File Type="PL-RCDO-FILE" Name="nlms_fixed_pld.rcdo"/>
  <File Type="MARKER-RNPI-FILE" Name="nlms_fixed_markers.rnpi"/>
  <File Type="BOOT_RNPI_FILE" Name="nlms_fixed_boot.rnpi"/>
  <File Type="PL_RNPI_FILE" Name="nlms_fixed_pld.rnpi"/>
  <File Type="BOOT_MARKER_RNPI_FILE" Name="nlms_fixed_boot_markers.rnpi"/>
  <File Type="PL_MARKER_RNPI_FILE" Name="nlms_fixed_pld_markers.rnpi"/>
  <File Type="PL_MASK_RNPI_FILE" Name="nlms_fixed_pld_mask.rnpi"/>
  <File Type="PL_SHUTDOWN_RNPI_FILE" Name="nlms_fixed_pld_shutdown.rnpi"/>
  <File Type="PL_UNMASK_RNPI_FILE" Name="nlms_fixed_pld_unmask.rnpi"/>
  <File Type="PL-CLEAR-RCDO-FILE" Name="nlms_fixed_pld_clear.rcdo"/>
  <File Type="PL_MARKER_RCDO_FILE" Name="nlms_fixed_pld_markers.rcdo"/>
  <File Type="PL_MASK_RCDO_FILE" Name="nlms_fixed_pld_mask.rcdo"/>
  <File Type="PL_UNMASK_MARKER_RCDO_FILE" Name="nlms_fixed_pld_unmask_markers.rcdo"/>
  <File Type="PL_UNMASK_RCDO_FILE" Name="nlms_fixed_pld_unmask.rcdo"/>
  <FileSet Name="sources" Type="DesignSrcs" RelSrcDir="$PSRCDIR/sources_1" RelGenDir="$PGENDIR/sources_1">
    <Filter Type="Srcs"/>
    <File Path="$PSRCDIR/sources_1/new/nlms_fixed.v">
      <FileInfo>
        <Attr Name="UsedIn" Val="synthesis"/>
        <Attr Name="UsedIn" Val="implementation"/>
        <Attr Name="UsedIn" Val="simulation"/>
      </FileInfo>
    </File>
    <Config>
      <Option Name="DesignMode" Val="RTL"/>
      <Option Name="TopModule" Val="nlms_fixed"/>
      <Option Name="TopAutoSet" Val="TRUE"/>
    </Config>
  </FileSet>
  <FileSet Name="constrs_in" Type="Constrs" RelSrcDir="$PSRCDIR/constrs_1" RelGenDir="$PGENDIR/constrs_1">
    <Filter Type="Constrs"/>
    <File Path="$PSRCDIR/constrs_1/new/nlms_xdc.xdc">
      <FileInfo>
        <Attr Name="UsedIn" Val="synthesis"/>
        <Attr Name="UsedIn" Val="implementation"/>
      </FileInfo>
    </File>
    <Config>
      <Option Name="ConstrsType" Val="XDC"/>
    </Config>
  </FileSet>
  <FileSet Name="utils" Type="Utils" RelSrcDir="$PSRCDIR/utils_1" RelGenDir="$PGENDIR/utils_1">
    <Filter Type="Utils"/>
    <File Path="$PSRCDIR/utils_1/imports/synth_1/nlms_fixed.dcp">
      <FileInfo>
        <Attr Name="UsedIn" Val="synthesis"/>
        <Attr Name="UsedIn" Val="implementation"/>
        <Attr Name="UsedInSteps" Val="synth_1"/>
        <Attr Name="AutoDcp" Val="1"/>
      </FileInfo>
    </File>
    <Config>
      <Option Name="TopAutoSet" Val="TRUE"/>
    </Config>
  </FileSet>
  <Strategy Version="1" Minor="2">
    <StratHandle Name="Vivado Implementation Defaults" Flow="Vivado Implementation 2025"/>
    <Step Id="init_design"/>
    <Step Id="opt_design"/>
    <Step Id="power_opt_design"/>
    <Step Id="place_design"/>
    <Step Id="post_place_power_opt_design"/>
    <Step Id="phys_opt_design"/>
    <Step Id="route_design"/>
    <Step Id="post_route_phys_opt_design"/>
    <Step Id="write_bitstream"/>
    <Step Id="write_device_image"/>
  </Strategy>
</GenRun>
